Workbook

Sheet Overview
B2: SalesGenie AI — Sprint Plan & Effort Tracker (All 4 Milestones)
B3: AI Sales Assistant & Lead Intelligence Platform
B5: Hours per working day (assumption) | C5: 8 | D5: ← edit this cell; all sprint sheets recalculate automatically
B7: Note: hours = task duration in days × hours/day above. For tasks with two co-owners (e.g. “Frontend Developer + AI/ML Engineer”), each named owner is credited the full task hours in the Hours Summary sheet (i.e. hours are not split between them) — both people are actively engaged for the task's full duration.
B9: Milestone | C9: Day Range | D9: Start Date | E9: End Date | F9: Modules Covered | G9: Evaluation Criteria
B10: Milestone 1 | C10: Day 4-14 | D10: 2026-07-18 | E10: 2026-07-28 | F10: Module 1 (Lead Management) + Module 2 (Lead Intelligence) | G10: Manage/analyze ≥95% of prospect records; accurate company insights & lead intelligence
B11: Milestone 2 | C11: Day 15-20 | D11: 2026-07-29 | E11: 2026-08-03 | F11: Module 3 (AI Outreach) + Module 4 (Lead Scoring) | G11: Lead scoring accuracy ≥85%; personalized outreach content for multiple industries
B12: Milestone 3 | C12: Day 21-25 | D12: 2026-08-04 | E12: 2026-08-08 | F12: Module 5 (CRM Integration & Conversation Intelligence) | G12: CRM integration functions correctly; sales conversation summaries generated successfully
B13: Milestone 4 | C13: Day 26-30 | D13: 2026-08-09 | E13: 2026-08-13 | F13: Module 6 (Dashboard & Analytics) + Full Integration | G13: Dashboard fully operational; end-to-end workflow functional; response time <5 sec; satisfaction ≥85%

Sheet Sprint 1 (Milestone 1)
B2: SalesGenie AI — Sprint 1 (Milestone 1)
B4: Day(s) | C4: Task | D4: Owner (Role) | E4: Duration (Days) | F4: Hours | G4: Deliverable
B5: Day 4 | C5: Design ER diagram & finalize PostgreSQL schema (Leads, Users, CRM_Sync_Logs) | D5: Database/DevOps Engineer | E5: 1 | F5: =E5*Overview!$C$5 -> 8 | G5: Finalized schema + migrations
B6: Day 5 | C6: Design Streamlit wireframes (Leads, Outreach, Conversations, Dashboard tabs) | D6: Frontend Developer | E6: 1 | F6: =E6*Overview!$C$5 -> 8 | G6: UI wireframes
B7: Day 6 | C7: Design LangGraph agent architecture (Research, Qualification, Outreach, CRM agents) | D7: AI/ML Engineer | E7: 1 | F7: =E7*Overview!$C$5 -> 8 | G7: Agent architecture diagram
B8: Day 7-8 | C8: Build prospect CRUD APIs (module1_leads.py) | D8: Backend Developer | E8: 2 | F8: =E8*Overview!$C$5 -> 16 | G8: FastAPI CRUD endpoints
B9: Day 8-9 | C9: Build lead import (CSV/manual) with de-duplication | D9: Backend Developer | E9: 2 | F9: =E9*Overview!$C$5 -> 16 | G9: Lead import module
B10: Day 9-10 | C10: Build Streamlit 'Leads' tab (search list + detail panel) | D10: Frontend Developer | E10: 2 | F10: =E10*Overview!$C$5 -> 16 | G10: Leads UI screen
B11: Day 10-11 | C11: Build company profile analysis service (module2_intelligence.py) | D11: AI/ML Engineer | E11: 2 | F11: =E11*Overview!$C$5 -> 16 | G11: Company analysis service
B12: Day 11-12 | C12: Build AI qualification scoring engine + Lead Intelligence card | D12: AI/ML Engineer | E12: 2 | F12: =E12*Overview!$C$5 -> 16 | G12: Qualification score API
B13: Day 12 | C13: Integrate Lead Intelligence into Leads UI (score badge, insights panel) | D13: Frontend Developer + AI/ML Engineer | E13: 1 | F13: =E13*Overview!$C$5 -> 8 | G13: Lead Intelligence UI panel
B14: Day 13 | C14: Unit test lead CRUD + review qualification score accuracy | D14: QA Engineer | E14: 1 | F14: =E14*Overview!$C$5 -> 8 | G14: Milestone 1 test report
B15: Day 14 | C15: Milestone 1 review: ≥95% records manageable, insights accuracy check; sign-off | D15: Project Lead + QA Engineer | E15: 1 | F15: =E15*Overview!$C$5 -> 8 | G15: Milestone 1 sign-off
C16: TOTAL | E16: =SUM(E5:E15) -> 16 | F16: =SUM(F5:F15) -> 128

Sheet Sprint 2 (Milestone 2)
B2: SalesGenie AI — Sprint 2 (Milestone 2)
B4: Day(s) | C4: Task | D4: Owner (Role) | E4: Duration (Days) | F4: Hours | G4: Deliverable
B5: Day 15-16 | C5: Build AI email/outreach generation service (prompt templates per industry) | D5: AI/ML Engineer | E5: 2 | F5: =E5*Overview!$C$5 -> 16 | G5: Outreach generation API
B6: Day 16-17 | C6: Build Streamlit 'Outreach' tab: AI Email Generator with edit-before-send | D6: Frontend Developer | E6: 2 | F6: =E6*Overview!$C$5 -> 16 | G6: Outreach UI screen
B7: Day 17-18 | C7: Implement lead scoring & conversion probability model | D7: AI/ML Engineer + Backend Developer | E7: 2 | F7: =E7*Overview!$C$5 -> 16 | G7: Lead scoring engine
B8: Day 18-19 | C8: Build recommendation engine: follow-up timing, channel mix, content strategy | D8: AI/ML Engineer | E8: 2 | F8: =E8*Overview!$C$5 -> 16 | G8: Recommendation engine service
B9: Day 19 | C9: Integrate Lead Score + Outreach Strategy cards into Outreach UI | D9: Frontend Developer | E9: 1 | F9: =E9*Overview!$C$5 -> 8 | G9: Outreach Strategy UI panel
B10: Day 20 | C10: Validate lead scoring accuracy (≥85%), test outreach across 3+ industries; sign-off | D10: QA Engineer + Project Lead | E10: 1 | F10: =E10*Overview!$C$5 -> 8 | G10: Milestone 2 sign-off
C11: TOTAL | E11: =SUM(E5:E10) -> 10 | F11: =SUM(F5:F10) -> 80

Sheet Sprint 3 (Milestone 3)
B2: SalesGenie AI — Sprint 3 (Milestone 3)
B4: Day(s) | C4: Task | D4: Owner (Role) | E4: Duration (Days) | F4: Hours | G4: Deliverable
B5: Day 21-22 | C5: Build FastAPI endpoints for CRM integration (Salesforce/HubSpot schema mapping) | D5: Backend Developer | E5: 2 | F5: =E5*Overview!$C$5 -> 16 | G5: CRM integration API
B6: Day 22-23 | C6: Implement CRM sync logic (contacts, activities, deal stages) + sync logs | D6: Backend Developer + Database/DevOps Engineer | E6: 2 | F6: =E6*Overview!$C$5 -> 16 | G6: CRM sync service
B7: Day 23-24 | C7: Build meeting/call summarization (key points + action items) via LLM | D7: AI/ML Engineer | E7: 2 | F7: =E7*Overview!$C$5 -> 16 | G7: Conversation summarization service
B8: Day 24 | C8: Build Streamlit 'Conversations' tab: CRM Sync Status + Meeting Summary + Activity feed | D8: Frontend Developer | E8: 1 | F8: =E8*Overview!$C$5 -> 8 | G8: Conversations UI screen
B9: Day 25 | C9: Test CRM sync across workflows, validate summarization output quality; sign-off | D9: QA Engineer + Project Lead | E9: 1 | F9: =E9*Overview!$C$5 -> 8 | G9: Milestone 3 sign-off
C10: TOTAL | E10: =SUM(E5:E9) -> 8 | F10: =SUM(F5:F9) -> 64

Sheet Sprint 4 (Milestone 4)
B2: SalesGenie AI — Sprint 4 (Milestone 4)
B4: Day(s) | C4: Task | D4: Owner (Role) | E4: Duration (Days) | F4: Hours | G4: Deliverable
B5: Day 26-27 | C5: Build Sales Analytics API (conversion rate, pipeline value, sales cycle KPIs) | D5: Backend Developer | E5: 2 | F5: =E5*Overview!$C$5 -> 16 | G5: Analytics API
B6: Day 26-27 | C6: Build Dashboard UI + Kanban-style pipeline view | D6: Frontend Developer | E6: 2 | F6: =E6*Overview!$C$5 -> 16 | G6: Dashboard tab (Streamlit)
B7: Day 27 | C7: Build automated follow-up recommendation panel | D7: AI/ML Engineer + Frontend Developer | E7: 1 | F7: =E7*Overview!$C$5 -> 8 | G7: Follow-up panel
B8: Day 28 | C8: End-to-end integration of all 6 modules; performance tuning (<5 sec target) | D8: Full Team | E8: 1 | F8: =E8*Overview!$C$5 -> 8 | G8: Integrated end-to-end build
B9: Day 29 | C9: Full regression testing, UAT with sample users, capture satisfaction score | D9: QA Engineer | E9: 1 | F9: =E9*Overview!$C$5 -> 8 | G9: UAT report + test sign-off
B10: Day 30 | C10: Deploy to production/staging (Docker), final demo, documentation handover, retrospective | D10: Full Team | E10: 1 | F10: =E10*Overview!$C$5 -> 8 | G10: Deployed app + final demo + closure doc
C11: TOTAL | E11: =SUM(E5:E10) -> 8 | F11: =SUM(F5:F10) -> 64
